category,belk_style
BELK & CO PWP,85H12
BELK & CO PWP,DA4948ZZW8SG0
BELK & CO PWP,DA7782ZZW8SZ0
BELK & CO PWP,DA7786ZZW8SZ0
BELK & CO PWP,DA7787ZZW8SZ0
BELK & CO PWP,DA8153ZZW8SZ0
BELK & CO PWP,DA8377LD24SZ0
BELK & CO PWP,DA8378LD24SZ0
BELK & CO PWP,DA8380LDS2SZ0
BELK & CO PWP,DA8380LDS2SZ1
BELK & CO PWP,DA8713LDS1SZ0
BELK & CO PWP,DA8803LDS2SZ0
BELK & CO PWP,DB4045LDS2SG0
BELK & CO PWP,T3512S
BONDED GOLD/SS,BAC087014Y75
BONDED GOLD/SS,BAC087118Y18
BONDED GOLD/SS,BAC088476Y775
BONDED GOLD/SS,BAC088523Y825
BONDED GOLD/SS,BAE086762Y
BONDED GOLD/SS,BAE087226Y
BONDED GOLD/SS,BAE088526Y
BONDED GOLD/SS,BAE088527Y
BONDED GOLD/SS,BAF087037B18
BONDED GOLD/SS,BAF087044Y18
BONDED GOLD/SS,BAF087105Y18
BONDED GOLD/SS,BAF087111Y19
BONDED GOLD/SS,BAF088474Y18
BONDED GOLD/SS,BAK086740B20
BONDED GOLD/SS,BAK086742Y20
BONDED GOLD/SS,BAK086778B20
BONDED GOLD/SS,BAK086984B20
BONDED GOLD/SS,BAN088528B7
COLOR PRECIOUS,RM52079CRCBK
COLOR PRECIOUS,RAX69745CWPN17
COLOR PRECIOUS,CJ0237H7H9SG0
COLOR PRECIOUS,CA2735H9ZZYG0
COLOR PRECIOUS,CA5305H3A8YG1
COLOR PRECIOUS,CA5370E2A6AG0
COLOR PRECIOUS,CA6480H9ZZYG1
COLOR PRECIOUS,CA6570H9ZZYE0
COLOR PRECIOUS,CA9275H9ZZYD0
COLOR PRECIOUS,83282ZZH9SJ0
COLOR PRECIOUS,B47715CSPWCH
COLOR PRECIOUS,CA0100H9ZZSG0
COLOR PRECIOUS,CA0100H9ZZYG0
COLOR PRECIOUS,CA0132H9ZZSG0
COLOR PRECIOUS,CA2027H510EG0
COLOR PRECIOUS,CA2694H9ZZSG0
COLOR PRECIOUS,CA2880H9ZZSG0
COLOR PRECIOUS,CA6298H3ZZYI0
COLOR PRECIOUS,CA7070H9ZZSZ1
COLOR PRECIOUS,CA7694H9ZZYZ0
COLOR PRECIOUS,CA8204H9ZZSZ0
COLOR PRECIOUS,CA8204H9ZZYZ1
COLOR PRECIOUS,CJ1035H2H9SG0
COLOR PRECIOUS,CJ4868H9ZZSG0
COLOR PRECIOUS,CJ6330H9ZZSE1
COLOR PRECIOUS,CJ6371H9ZZSE0
COLOR PRECIOUS,CJ6622H5ZZIG0
COLOR PRECIOUS,CJ7656H5ZZIZ0
COLOR PRECIOUS,ESN56063CRCSC
COLOR PRECIOUS,RAX4416ACEPC18VV
COLOR PRECIOUS,SAX57789CRM18
COLOR PRECIOUS,SM1156CW
COLOR PRECIOUS,87083Q9LCSJ0
COLOR PRECIOUS,B7676H3H9SC0
COLOR PRECIOUS,BX76355E2A
COLOR PRECIOUS,CA0131H9ZZSG0
COLOR PRECIOUS,CA1793S4ZSAG0
COLOR PRECIOUS,CA1977S4A7DG0
COLOR PRECIOUS,CA2439H1LDEG0
COLOR PRECIOUS,CA2737H3LDAG1
COLOR PRECIOUS,CA2808H1LDSG0
COLOR PRECIOUS,CA2808H3LDYG0
COLOR PRECIOUS,CA2808H7LDSG0
COLOR PRECIOUS,CA2813H1LDSG0
COLOR PRECIOUS,CA2813H3LDYG0
COLOR PRECIOUS,CA2813H7LDSG0
COLOR PRECIOUS,CA2840E3LDAG0
COLOR PRECIOUS,CA2855H1H9DG1
COLOR PRECIOUS,CA2873E3A7AG0
COLOR PRECIOUS,CA2908H3H9AG0
COLOR PRECIOUS,CA2908H5H9AG0
COLOR PRECIOUS,CA2921H1H9SG0
COLOR PRECIOUS,CA2921H3H9YG0
COLOR PRECIOUS,CA2921H5H9YG0
COLOR PRECIOUS,CA4664R6A7AG0
COLOR PRECIOUS,CA4665S4A7DG1
COLOR PRECIOUS,CA4675H1ZZSG1
COLOR PRECIOUS,CA5467H1LDSG0
COLOR PRECIOUS,CA5467H3LDYG0
COLOR PRECIOUS,CA5467H7LDSG0
COLOR PRECIOUS,CA5496H1LDDG1
COLOR PRECIOUS,CA5496H3LDAG2
COLOR PRECIOUS,CA5496H5LDAG2
COLOR PRECIOUS,CA5576H9ZZSG0
COLOR PRECIOUS,CA6319R4HDDG1
COLOR PRECIOUS,CA7450E3A8AZ0
COLOR PRECIOUS,CA7778R4HDDZ1
COLOR PRECIOUS,CA7949H1LDEZ0
COLOR PRECIOUS,CA8239H9ZZSZ0
COLOR PRECIOUS,CA8239H9ZZYZ0
COLOR PRECIOUS,CJ9239H9ZZSF1
COLOR PRECIOUS,CJ9239H9ZZYF1
COLOR PRECIOUS,CJ9352H9ZZYE0
COLOR PRECIOUS,CJ9353H9ZZYE0
COLOR PRECIOUS,CJ9354H9ZZYE0
COLOR PRECIOUS,CJ9355H9ZZSE0
COLOR PRECIOUS,CJ9356H9ZZSE0
COLOR PRECIOUS,CJ9356H9ZZYE0
COLOR PRECIOUS,RAX18375E1K
COLOR PRECIOUS,RAX238853FRBD
COLOR PRECIOUS,RBX752553FRBD
COLOR PRECIOUS,RM8599FE1PKA
COLOR SEMI-PRECIOUS,JE4442MG14KR
COLOR SEMI-PRECIOUS,RBX76325CS
COLOR SEMI-PRECIOUS,SJX40225MLCW
COLOR SEMI-PRECIOUS,CA4959F1H9SG0
COLOR SEMI-PRECIOUS,CA7977F1H9AZ0
COLOR SEMI-PRECIOUS,CA9186F1ZZBN0
COLOR SEMI-PRECIOUS,CJ0235A0H9SG0
COLOR SEMI-PRECIOUS,CJ0242H8H9SG0
COLOR SEMI-PRECIOUS,CA1381A3A6AG0
COLOR SEMI-PRECIOUS,CA1506B2H8AG0
COLOR SEMI-PRECIOUS,CA2412F4H9AG0
COLOR SEMI-PRECIOUS,CA2426F7ZZAG0
COLOR SEMI-PRECIOUS,CA2592B5A6AG0
COLOR SEMI-PRECIOUS,CA2603Q4A7DG0
COLOR SEMI-PRECIOUS,CA2744B3A5AG0
COLOR SEMI-PRECIOUS,CA2793X0ZZLG0
COLOR SEMI-PRECIOUS,CA2797B1A6LG0
COLOR SEMI-PRECIOUS,CA5398H8MDAG0
COLOR SEMI-PRECIOUS,CA5418B1A6LG0
COLOR SEMI-PRECIOUS,CA6139A4ZZAG0
COLOR SEMI-PRECIOUS,CA6514X1ZZYG0
COLOR SEMI-PRECIOUS,CA7977B2H9AZ0
COLOR SEMI-PRECIOUS,CA8213B1A6LZ0
COLOR SEMI-PRECIOUS,CJ1400F1H9YG0
COLOR SEMI-PRECIOUS,CJ7569X0ZZSZ0
COLOR SEMI-PRECIOUS,CJ7632F1ZZYZ0
COLOR SEMI-PRECIOUS,PJ7595F1ZZAZ0
COLOR SEMI-PRECIOUS,RAX8072A7QKW
COLOR SEMI-PRECIOUS,RM2723A7OX
COLOR SEMI-PRECIOUS,67006
COLOR SEMI-PRECIOUS,68285
COLOR SEMI-PRECIOUS,CA1917A5ZSGG0
COLOR SEMI-PRECIOUS,CA1925B2H9SG0
COLOR SEMI-PRECIOUS,CA4329X1ZZAG3
COLOR SEMI-PRECIOUS,CA4719X0ZZAG0
COLOR SEMI-PRECIOUS,CA5001Q2A6DG0
COLOR SEMI-PRECIOUS,CA5075Q2A7DG0
COLOR SEMI-PRECIOUS,CA7558B1ZZEZ0
COLOR SEMI-PRECIOUS,ESRBX4363MCM18
COLOR SEMI-PRECIOUS,ESRW1182MLMRT
COLOR SEMI-PRECIOUS,RAX4416LBSWC
COLOR SEMI-PRECIOUS,RM8419LBSWKL
COLOR SEMI-PRECIOUS,SAX67215LBSP
COLOR SEMI-PRECIOUS,SBX467253COPPCHD
COLOR SEMI-PRECIOUS,SW594752BSCE
COLOR SEMI-PRECIOUS,63500V6O5AG0
COLOR SEMI-PRECIOUS,68721
COLOR SEMI-PRECIOUS,CA2592H8A7AG0
COLOR SEMI-PRECIOUS,CA2744F1A5AG0
COLOR SEMI-PRECIOUS,CA2811A3LDSG0
COLOR SEMI-PRECIOUS,CA2827H8LDYG0
COLOR SEMI-PRECIOUS,CA2835F1LDYG0
COLOR SEMI-PRECIOUS,CA2836F1MDYG0
COLOR SEMI-PRECIOUS,CA2841F1ZZAG0
COLOR SEMI-PRECIOUS,CA2848X0LDYG0
COLOR SEMI-PRECIOUS,CA2882H8A7AG0
COLOR SEMI-PRECIOUS,CA5484H8LDYG0
COLOR SEMI-PRECIOUS,CA5485F1ZZLI0
COLOR SEMI-PRECIOUS,CA5505B1A7AG0
COLOR SEMI-PRECIOUS,CA5528X0A8SG1
COLOR SEMI-PRECIOUS,CA5564F1A7AG0
COLOR SEMI-PRECIOUS,CA5565F1A7SG0
COLOR SEMI-PRECIOUS,CA6577F1A7AY0
COLOR SEMI-PRECIOUS,CA8268H8LDYZ0
COLOR SEMI-PRECIOUS,CA8271F1ZZLZ0
COLOR SEMI-PRECIOUS,CA8333H8ZZSZ0
COLOR SEMI-PRECIOUS,CJ0239B5H9SG0
COLOR SEMI-PRECIOUS,CJ9356F1ZZYE0
COLOR SEMI-PRECIOUS,ESRW5560VCGCH
COLOR SEMI-PRECIOUS,ESRW5560VCPDCH
COLOR SEMI-PRECIOUS,F1651Q9T1SJ1
COLOR SEMI-PRECIOUS,RAX1084A7FOX
COLOR SEMI-PRECIOUS,RB47715GCHE
COLOR SEMI-PRECIOUS,SAX81285LBSWTSI
COLOR SEMI-PRECIOUS,SAX898553LBS
DIAMOND GOLD,92118A516DC0
DIAMOND GOLD,942071212EG0
DIAMOND GOLD,942221212EG1
DIAMOND GOLD,94988ZB14NG1
DIAMOND GOLD,DA7322ZZ16DZ0
DIAMOND GOLD,E8604Z2Z2BG0
DIAMOND GOLD,L1176HBSCEG0
DIAMOND GOLD,LA1028Z3Z3EG0
DIAMOND GOLD,R0344HDZZGZ0
DIAMOND GOLD,RBX42464CHBK
DIAMOND GOLD,RBX52092FC18
DIAMOND GOLD,Z78793W
DIAMOND GOLD,BA4311LD22BG1
DIAMOND GOLD,DA5317LD23AG0
DIAMOND GOLD,DA9177ZZ17BD0
DIAMOND GOLD,DA9208ZZQ9AM0
DIAMOND GOLD,R0457Z7ZZBZ0
DIAMOND GOLD,DA1534ZSZ4DG0
DIAMOND GOLD,DA5305ZSZ4DGP
DIAMOND GOLD,DA6397ZZA7BE0
DIAMOND GOLD,DA7176ZZA8AZ0
DIAMOND GOLD,DA7458ZZA7AZ0
DIAMOND GOLD,DA7613ZZA7BZ0
DIAMOND GOLD,DA7660ZZ16BZ0
DIAMOND GOLD,DA7671A616BZ0
DIAMOND GOLD,JX61404W
DIAMOND STERLING SILVER,ESRAX76713
DIAMOND STERLING SILVER,L2469DS1PT0
DIAMOND STERLING SILVER,SAE4677SDI
DIAMOND STERLING SILVER,SYX90229
DIAMOND STERLING SILVER,DA0151ZZQ9SG0
DIAMOND STERLING SILVER,DA2194ZZQ9SG0
DIAMOND STERLING SILVER,DA2196ZZQ9SG0
DIAMOND STERLING SILVER,DA5788ZZQ9SG0
DIAMOND STERLING SILVER,DA5789Q919SG0
DIAMOND STERLING SILVER,DA8535ZZQ9SZ0
DIAMOND STERLING SILVER,DA8536ZZQ9SZ0
DIAMOND STERLING SILVER,DA8749ZZQ9SZ0
DIAMOND STERLING SILVER,DA8750Q919SZ0
DIAMOND STERLING SILVER,CSE030000
DIAMOND STERLING SILVER,CSE030500
DIAMOND STERLING SILVER,CSE031000
DIAMOND STERLING SILVER,CSE146600
DIAMOND STERLING SILVER,CSE146650
DIAMOND STERLING SILVER,CSE146700
DIAMOND STERLING SILVER,CSE146800
DIAMOND STERLING SILVER,CSN0300000
DIAMOND STERLING SILVER,CSN0305000
DIAMOND STERLING SILVER,CSN1466000
DIAMOND STERLING SILVER,CSE040300
DIAMOND STERLING SILVER,CSE040600
DIAMOND STERLING SILVER,CSE146750
DIAMOND STERLING SILVER,DA4626ZZA8LG1
DIAMOND STERLING SILVER,DA4666ZZ19SG1
DIAMOND STERLING SILVER,DA9225ZZA8SM0975
DIAMOND STERLING SILVER,89436A8ZZSJ1
DIAMOND STERLING SILVER,BA3546ZZQ9SG0
DIAMOND STERLING SILVER,DA4372ZZA8YG0
DIAMOND STERLING SILVER,DA4637ZZA8QG1
DIAMOND STERLING SILVER,DA4849ZZW8YI0
DIAMOND STERLING SILVER,DA4850ZZW8YI0
DIAMOND STERLING SILVER,DA5049ZZA8YI0
DIAMOND STERLING SILVER,DA6193ZZA8YE0
DIAMOND STERLING SILVER,DA7398ZZQ9SZ0
DIAMOND STERLING SILVER,DA7474ZZH6LZ0
DIAMOND STERLING SILVER,DA7559ZZA82Z0
DIAMOND STERLING SILVER,DA7721ZZA8YZ1
DIAMOND STERLING SILVER,DA7895ZZA82Z0
GOLD,016OULW18
GOLD,FRF016204Y18
GOLD,FRN035336Y7
GOLD,TRE044419Y
GOLD,TRF045529Y24
GOLD,TRF047603T17
GOLD,TRP026530Y18
GOLD,VSB063714Y725
GOLD,TRN076203P7
GOLD,TRA083519T10
GOLD,TRB085227Y7
GOLD,TRF084744Y17
GOLD,TRK082213B
GOLD,TRP082558Y18
GOLD,TRA070439Y10
GOLD,TRR075740Y9
GOLD,31275
GOLD,43835ZC
GOLD,44R57
GOLD,45D47
GOLD,53029
GOLD,53896
GOLD,53F72
GOLD,53G317
GOLD,53G96
GOLD,53H364
GOLD,54731
GOLD,56255
GOLD,59W68P1355QT
GOLD,60E65
GOLD,E102015W
GOLD,E102020ODW
GOLD,E105273W
GOLD,ERK53
GOLD,FE8363BD3C17
GOLD,FERK81MCY
GOLD,FRB030428T9
GOLD,FRB062735Y75
GOLD,FRB087147Y75
GOLD,FRC063815Y75
GOLD,FRE014738Y
GOLD,FRE017871Y
GOLD,FRE018450Y25
GOLD,FRE018886Y
GOLD,FRE028313Y35
GOLD,FRE043582Y50
GOLD,FRE068012Y
GOLD,FRE079016Y
GOLD,FRE087067Y
GOLD,FRK083228Y18
GOLD,FRK088707B18
GOLD,FRR086126Y75
GOLD,GHL3672L
GOLD,TRA085278Y10
GOLD,TRC064320Y85
GOLD,TRC085741Y18
GOLD,TRC086209Y22
GOLD,TRE073271B
GOLD,TRE075729Y
GOLD,TRE079018Y
GOLD,TRE083236B
GOLD,TRE084661Y
GOLD,TRE085777Y
GOLD,TRE086348Y
GOLD,TRE087142Y
GOLD,TRE087173Y20
GOLD,TRE087202Y
GOLD,TRE087333Y27
GOLD,TRE088732Y15
GOLD,TRF082242Y18
GOLD,TRF082623Y18
GOLD,TRF084665Y17
GOLD,TRF085279B17
GOLD,TRF086635Y18
GOLD,TRF087142Y18
GOLD,TRF087433Y17
GOLD,TRF087548Y18
GOLD,TRK082386B20
GOLD,TRK084791Y18
GOLD,TRK086818B20
GOLD,TRK087000B18
GOLD,TRK087674Y20
GOLD,TRK088852Y20
GOLD,TRK088853Y20
GOLD,TRK088961Y20
GOLD,TRP069967Y18
GOLD,TRP075804B18
GOLD,TRP086596Y17
GOLD,TRP086690Y17
GOLD,TRP086691Y18
GOLD,TRP086854Y18
GOLD,TRP086855Y18
GOLD,TRP087344Y18
GOLD,TRP087512Y18
GOLD,TRP088861Y17
GOLD,TRP088962Y18
GOLD,TRR042650Y725
GOLD,TRR086126Y20
GOLD,40C48G
GOLD,40U95
GOLD,59X35P15
GOLD,780019B
GOLD,780536FX
GOLD,FRC082935Y22
GOLD,FRC090280Y18
GOLD,TRC089104Y22
GOLD,TRC089106Y22
GOLD,TRF075751Y22
GOLD,TRE088893Y
GOLD,TRE089005Y
GOLD,TRE089062Y35
GOLD,TRE089064Y20
GOLD,TRF088259B18
GOLD,TRF089140Y18
GOLD,TRF089153Y18
GOLD,TRF089953Y18
GOLD,TRK090348Y18
LAB GROWN DIAMOND GOLD,LA1310LDMDAG0
LAB GROWN DIAMOND GOLD,03172LD22EG0
LAB GROWN DIAMOND GOLD,80861LDBKDJ3
LAB GROWN DIAMOND GOLD,84059LDBKDJ4
LAB GROWN DIAMOND GOLD,91991LD22EG0
LAB GROWN DIAMOND GOLD,BA7330LDM2EZ0
LAB GROWN DIAMOND GOLD,DA1348LD24DG0
LAB GROWN DIAMOND GOLD,X0120LD22AMY
LAB GROWN DIAMOND GOLD,BA2468LDBKBG0
LAB GROWN DIAMOND GOLD,BA3831LD22AG0
LAB GROWN DIAMOND GOLD,BA4222LDBKAG1
LAB GROWN DIAMOND GOLD,BA7251LDBKDZ1
LAB GROWN DIAMOND GOLD,BA7463LDMDAZ0
LAB GROWN DIAMOND GOLD,BB1049LDBKBG0
LAB GROWN DIAMOND GOLD,BA3317LD24AG1
LAB GROWN DIAMOND GOLD,BA4223LDBKAG1
LAB GROWN DIAMOND GOLD,BA4223LDBKDG1
LAB GROWN DIAMOND GOLD,BA4294LDBKAG0
LAB GROWN DIAMOND GOLD,BA4294LDBKDG0
LAB GROWN DIAMOND GOLD,BA7379LDBKAZ0
LAB GROWN DIAMOND GOLD,BA7379LDBKDZ0
LAB GROWN DIAMOND GOLD,BA7407LDBKAZ0
LAB GROWN DIAMOND GOLD,BA7407LDBKDZ0
LAB GROWN DIAMOND GOLD,BA7463LDMDDZ0
LAB GROWN DIAMOND GOLD,BB2183LDS2AG0
LAB GROWN DIAMOND GOLD,BB2184LDS2AG0
LAB GROWN DIAMOND GOLD,DA2249LD24AG0
LAB GROWN DIAMOND GOLD,DA2439LDBKDG0
LAB GROWN DIAMOND GOLD,DA5226LD22BG0
LAB GROWN DIAMOND GOLD,DA8221LD23DZ0
LAB GROWN DIAMOND GOLD,DA8393LDBKAZ0
LAB GROWN DIAMOND GOLD,DA8393LDBKDZ0
LAB GROWN DIAMOND STERLING SILVER,80216LDBK2J0
LAB GROWN DIAMOND STERLING SILVER,83198LDBK2J4
LAB GROWN DIAMOND STERLING SILVER,83286LDBKSJ0
LAB GROWN DIAMOND STERLING SILVER,83356LDBKSJ0
LAB GROWN DIAMOND STERLING SILVER,88493LDBK2J0
LAB GROWN DIAMOND STERLING SILVER,DA5539LDBKSG0
LAB GROWN DIAMOND STERLING SILVER,DA5706LDBKSG0
LAB GROWN DIAMOND STERLING SILVER,DA5707LDBKSG0
LAB GROWN DIAMOND STERLING SILVER,DA8683LDBKSZ0
LAB GROWN DIAMOND STERLING SILVER,DA8684LDBKSZ0
LAB GROWN DIAMOND STERLING SILVER,DA9383LDBKSK0
LAB GROWN DIAMOND STERLING SILVER,DA9387LDBKSD0
LAB GROWN DIAMOND STERLING SILVER,DA9443LDBKSL0
LAB GROWN DIAMOND STERLING SILVER,DA9506LDBKSL0
LAB GROWN DIAMOND STERLING SILVER,DA5555LD25SG0
LAB GROWN DIAMOND STERLING SILVER,DA5555LD25YG1
LAB GROWN DIAMOND STERLING SILVER,DA5556LD25SG0
LAB GROWN DIAMOND STERLING SILVER,DA5556LD25YG0
LAB GROWN DIAMOND STERLING SILVER,DA5572LDMDSG1
LAB GROWN DIAMOND STERLING SILVER,DA5572LDMDYG1
LAB GROWN DIAMOND STERLING SILVER,DA5578LD25SG0
LAB GROWN DIAMOND STERLING SILVER,DA5578LD25YG0
LAB GROWN DIAMOND STERLING SILVER,DA5638LDS2YG0
LAB GROWN DIAMOND STERLING SILVER,DA5639LDMDYG0
LAB GROWN DIAMOND STERLING SILVER,DA5645LDS2YG0
LAB GROWN DIAMOND STERLING SILVER,DA5701LDMDSG0
LAB GROWN DIAMOND STERLING SILVER,DA5701LDMDYG0
LAB GROWN DIAMOND STERLING SILVER,DA5742LDS2SG0
LAB GROWN DIAMOND STERLING SILVER,DA5744LDS2SG0
LAB GROWN DIAMOND STERLING SILVER,DA8539LDS2SZ0
LAB GROWN DIAMOND STERLING SILVER,DA8539LDS2YZ0
LAB GROWN DIAMOND STERLING SILVER,DA8711LDS2SZ0
LAB GROWN DIAMOND STERLING SILVER,DA8712LDS2SZ0
LAB GROWN DIAMOND STERLING SILVER,DB6012LD25SG0
LAB GROWN DIAMOND STERLING SILVER,DB6012LD25YG0
LAB GROWN DIAMOND STERLING SILVER,DB6040LDMDSG0
LAB GROWN DIAMOND STERLING SILVER,DB6040LDMDYG0
LAB GROWN DIAMOND STERLING SILVER,BA7326LD25SZ0
LAB GROWN DIAMOND STERLING SILVER,DA2378LDMDSG0
LAB GROWN DIAMOND STERLING SILVER,DA2378LDMDYG0
LAB GROWN DIAMOND STERLING SILVER,DA2387LD25SG0
LAB GROWN DIAMOND STERLING SILVER,DA2387LD25YG0
LAB GROWN DIAMOND STERLING SILVER,DA2388LD25YG0
LAB GROWN DIAMOND STERLING SILVER,DA2389LD25SG0
LAB GROWN DIAMOND STERLING SILVER,DA2389LD25YG0
LAB GROWN DIAMOND STERLING SILVER,DA2390LD25SG0
LAB GROWN DIAMOND STERLING SILVER,DA2390LD25YG0
LAB GROWN DIAMOND STERLING SILVER,DA5151LDMDSG0
LAB GROWN DIAMOND STERLING SILVER,DA5586LDS2SG0
LAB GROWN DIAMOND STERLING SILVER,DA5586LDS2YG0
LAB GROWN DIAMOND STERLING SILVER,DA5587LDS2YG0
LAB GROWN DIAMOND STERLING SILVER,DA5705LDS1SG0
LAB GROWN DIAMOND STERLING SILVER,DA5745LD25SG0
LAB GROWN DIAMOND STERLING SILVER,DA5747LD25SG0
LAB GROWN DIAMOND STERLING SILVER,DA5750LDS2SG0
LAB GROWN DIAMOND STERLING SILVER,DA5752LDS2SG0
LAB GROWN DIAMOND STERLING SILVER,DA5760LD25YG0
LAB GROWN DIAMOND STERLING SILVER,DA5761LD25SG0
LAB GROWN DIAMOND STERLING SILVER,DA5761LD25YG0
LAB GROWN DIAMOND STERLING SILVER,DA5824LDS2SG0
LAB GROWN DIAMOND STERLING SILVER,DA5873LD25SG0
LAB GROWN DIAMOND STERLING SILVER,DA5875LDS2SG0
LAB GROWN DIAMOND STERLING SILVER,DA5883LDS2SG0
LAB GROWN DIAMOND STERLING SILVER,DA7255LD252Z0
LAB GROWN DIAMOND STERLING SILVER,DA7378LD25SZ0
LAB GROWN DIAMOND STERLING SILVER,DA8572LDS2SZ0
LAB GROWN DIAMOND STERLING SILVER,DA8572LDS2YZ0
LAB GROWN DIAMOND STERLING SILVER,DA8573LDS2SZ0
LAB GROWN DIAMOND STERLING SILVER,DA8573LDS2YZ0
LAB GROWN DIAMOND STERLING SILVER,DA8574LDS2YZ0
LAB GROWN DIAMOND STERLING SILVER,DA8682LDS1SZ0
LAB GROWN DIAMOND STERLING SILVER,DA8728LDS2YZ0
LAB GROWN DIAMOND STERLING SILVER,DA8729LD25SZ0
LAB GROWN DIAMOND STERLING SILVER,DA8730LDMDSZ0
LAB GROWN DIAMOND STERLING SILVER,DA8731LD25SZ0
LAB GROWN DIAMOND STERLING SILVER,DA8732LD25SZ0
LAB GROWN DIAMOND STERLING SILVER,DA8733LDMDSZ0
LAB GROWN DIAMOND STERLING SILVER,DA8735LD25SZ0
LAB GROWN DIAMOND STERLING SILVER,DA8741LDS2SZ0
LAB GROWN DIAMOND STERLING SILVER,DB6111LDMDSG0
LAB GROWN DIAMOND STERLING SILVER,DB6186LD25SE0
LAB GROWN DIAMOND STERLING SILVER,BA9010LDBKSL2
LAB GROWN DIAMOND STERLING SILVER,DA1357LD24SG0
LAB GROWN DIAMOND STERLING SILVER,DA2202LDMDSG1
LAB GROWN DIAMOND STERLING SILVER,DA2203LDMDSG1
LAB GROWN DIAMOND STERLING SILVER,DA2364LDS2SG0
LAB GROWN DIAMOND STERLING SILVER,DA2366LDS2SG0
LAB GROWN DIAMOND STERLING SILVER,DA2375LDMDSG0
LAB GROWN DIAMOND STERLING SILVER,DA2441LD25SG0
LAB GROWN DIAMOND STERLING SILVER,DA2445LD25SG0
LAB GROWN DIAMOND STERLING SILVER,DA5493LD25SG0
LAB GROWN DIAMOND STERLING SILVER,DA5842LDS2SG0
LAB GROWN DIAMOND STERLING SILVER,DA5874LD25SG0
LAB GROWN DIAMOND STERLING SILVER,DA5889LDS2SG0
LAB GROWN DIAMOND STERLING SILVER,DA5893LD25SG0
LAB GROWN DIAMOND STERLING SILVER,DA5903LDMDSG0
LAB GROWN DIAMOND STERLING SILVER,DA7220LD23SZ0
LAB GROWN DIAMOND STERLING SILVER,DA7646LD24SZ0
LAB GROWN DIAMOND STERLING SILVER,DA8855LDMDSZ0
LAB GROWN DIAMOND STERLING SILVER,DA9516LD252E0
LAB GROWN DIAMOND STERLING SILVER,DB6065LDBKSG0
LAB GROWN DIAMOND STERLING SILVER,DA8713LDS1SZ0
PEARL,RZ153158PF2J
PEARL,PA1362P1LDAG1
PEARL,PA1368P2LDAG1
PEARL,PA4656P1LDAG1
PEARL,PA8023P1LDAZ1
PEARL,PA8024P2LDAZ1
PEARL,PJ6618P3ZZ9Y0
PEARL,PA4657P2LDAG1
PEARL,PA4658P1LDAG1
PEARL,PA4661P1LDAG1
PEARL,PA6562P2LDAG1
PEARL,PA8025P2LDAZ1
PEARL,PA8026P1LDAZ1
PEARL,PA9269P2LDAE1
PEARL,31402BB
PEARL,31G71
PEARL,31G77
PEARL,60E35
PEARL,71177
PEARL,87V57P
PEARL,KOE4199WHM
PEARL,PA4324F6ZZLG0
PEARL,PA7427P2ZZBZ0
PEARL,PJ0109P1H92Z0
PEARL,PJ0114P3ZZSG0
PEARL,RH70792PF3WE
PEARL,SAX4287A59PF2CHE
PEARL,32754
PEARL,H9403PLFAZC
PEARL,PA1233P2VCAG0
PEARL,PA9041P2ZZBG0
PEARL,PJ0151P1H9SZ0
PEARL,PJ6503P7ZZSY0
SILVER,SRL08370
SILVER,SSB022738S725
SILVER,SSE024233S
SILVER,SSF047699S169
SILVER,SSC085729S18
SILVER,SSC086397S85
SILVER,SSC086399S18
SILVER,VSB086396Y85
SILVER,VSC083611Y18
SILVER,VSC083612Y18
SILVER,VSC083616Y18
SILVER,VSC084023Y18
SILVER,VSC085627B18
SILVER,VSF086396Y20
SILVER,SSC083476S18
SILVER,SSC088705S75
SILVER,SSP089029S20
SILVER,VSC084477Y75
SILVER,VSC088705Y75
SILVER,VSG084846B8
SILVER,VSG085383Y6
SILVER,VSG086523Y7
SILVER,VSG086524Y7
SILVER,VSG087466Y7
SILVER,VSG087497B7
SILVER,SRK087675S20
SILVER,SSC085733S22
SILVER,SSF090095S18
SILVER,VSC084474Y75
SILVER,VSC090525Y75
SILVER,VSE089612Y
SILVER,VSE089613B
SILVER,VSE089614Y
SILVER,VSE089617Y
SILVER,VSE090734B30
SILVER,VSF089683Y17
